"date","company","hours","description"
"01-07-2025","ALTUM","1.0","Pc instellen en SSD vervangen overbuurman"
"01-10-2025","ALTUM","2.5","contact mailbox gefixt zodat ze mails binnen krijgen en recaptcha op website formulier gezet"
"02-07-2025","ALTUM","0.5","Paul problemen met Onedrive"
"04-06-2025","ALTUM","1.0","AutoCad bij Paul werkte niet"
"04-12-2025","ALTUM","1.0","laptop klaargemaakt Han"
"06-11-2025","ALTUM","1.0","Synchronisatie fout OneDrive verholpen"
"08-07-2025","ALTUM","2.5","Database script schrijven voor aanpassen Rubriek 1605 / 1,5 One drive oude mappen synchronisatie uitgeschakeld"
"13-05-2025","ALTUM","3.5","Website"
"14-05-2025","ALTUM","4.5","Website"
"15-04-2025","ALTUM","2.0","gewerkt aan website"
"15-12-2025","ALTUM","1.0","export Syntess controle"
"16-07-2025","ALTUM","1.5","hosting errors doorlopen voor fout contactformulier"
"16-10-2025","ALTUM","2.0","laptop ingesteld voor parsa en geholpen met alles instellen"
"17-07-2025","ALTUM","1.5","Website vacatures afronden"
"22-04-2025","ALTUM","3.0","Website"
"22-10-2025","ALTUM","0.5","Parsa office activeren"
"23-06-2025","ALTUM","2.0","Nieuwe Organogram maken en in Footer website gezet"
"24-03-2025","ALTUM","1.0","nieuwe collega erwin"
"26-06-2025","ALTUM","0.5","Jolanda meeting met yassin"
"30-07-2025","ALTUM","1.0","Laptop ingesteld Nike"
"01-04-2025","BVZ","4.0","Sloten vervangen centrum Amersfoort"
"02-12-2025","BVZ","0.25","Hamid gescande items kwijt"
"03-07-2025","BVZ","1.5","Spullen brengen SevenSeas 1 Zorg instelling centrum amersfoort Lampen deden het niet"
"08-04-2025","BVZ","2.0","Kast in elkaar gezet centrum"
"11-06-2025","BVZ","0.5","LageLanden Zorg met abdel meegekeken voor een macbook/ 1,5 Zorginstelling centrum amersfoort slot vervangen / 1 Inkopen gedaan bij de imac voor een applewatch band"
"15-09-2025","BVZ","6.0","Internet Kabel getrokken Tawheed, camera ingesteld, Stream ingesteld / Wifi snelheid gecheckt bij de zorg instelling centrum / 0.5 Langs El Fath gezocht naar receiver en sender"
"21-01-2025","BVZ","1.0","Tafel in elkaar gezegd centrum"
"25-11-2025","BVZ","1.0","Laptop werkte niet hub drivers geupdate & office 2FA gereset"
"31-03-2025","BVZ","6.0","Sloten vervangen centrum amersfoort"
"05-03-2025","CODENAMEFUTURE","1.0","Dervin CodenameFuture stagair geholpen met account"
"15-12-2025","CODENAMEFUTURE","2.0","CNF oude webshop"
"16-04-2025","CODENAMEFUTURE","3.0","CNF problemen met teacher portal"
"18-02-2025","CODENAMEFUTURE","4.5","Lily geholpen van CodenameFuture, Server problemen opgelost, CodenameFuture, Kabels gekocht apeldoorn"
"22-01-2025","CODENAMEFUTURE","8.0","codenamefuture 502 error"
"22-10-2025","CODENAMEFUTURE","2.0","Tamara gesproken CNF voor webshop export 0.5 / Gerrit Rajathuiszorg email en printer werken niet 1.5"
"23-04-2025","CODENAMEFUTURE","4.0","CNF probleem opgelost"
"25-03-2025","CODENAMEFUTURE","2.5","den haag geweest CNF internet problemen"
"04-02-2025","DIRECTWERK","1.0","DirectWerkZorg Hafsa kon niet inloggen"
"10-02-2025","DIRECTWERK","2.0","DirectWerkZorg Mail ingesteld voor Mohammed en ilham"
"25-02-2025","DIRECTWERK","2.0","Emailboxen DirectWerkZorg overgezet van vimexx naar office"
"26-02-2025","DIRECTWERK","1.0","Emailboxen DirectWerkZorg overgezet van vimexx naar office"
"27-01-2025","DIRECTWERK","8.0","Direct Werk Instellen windows Laptops"
"28-01-2025","DIRECTWERK","6.0","Direct Werk Instellen windows Laptops"
"29-07-2025","DIRECTWERK","1.0","DirectWerk scherm geinstaleerd"
"30-01-2025","DIRECTWERK","5.0","Direct Werk Instellen windows Laptops"
"01-04-2025","ELMAR","2.0",""
"01-05-2025","ELMAR","4.0",""
"01-07-2025","ELMAR","6.5",""
"01-10-2025","ELMAR","5.25",""
"01-12-2025","ELMAR","6.0","han laptop upgrade"
"02-04-2025","ELMAR","8.0",""
"02-07-2025","ELMAR","7.5",""
"02-10-2025","ELMAR","8.0",""
"02-12-2025","ELMAR","6.0",""
"03-01-2025","ELMAR","8.0",""
"03-02-2025","ELMAR","8.0",""
"03-03-2025","ELMAR","5.0","(rest)"
"03-04-2025","ELMAR","6.0",""
"03-07-2025","ELMAR","6.5",""
"03-11-2025","ELMAR","6.25",""
"03-12-2025","ELMAR","1.5",""
"04-02-2025","ELMAR","7.0",""
"04-03-2025","ELMAR","7.0","(rest)"
"04-06-2025","ELMAR","7.0",""
"04-08-2025","ELMAR","3.0",""
"04-09-2025","ELMAR","8.0","PC's geupgrade naar windows 11 / Sven toegang tot W installatiemap"
"04-11-2025","ELMAR","4.0",""
"04-12-2025","ELMAR","5.75",""
"05-02-2025","ELMAR","5.0","(rest)"
"05-03-2025","ELMAR","7.0","(rest)"
"05-06-2025","ELMAR","8.0",""
"05-08-2025","ELMAR","3.5",""
"05-11-2025","ELMAR","8.0",""
"06-01-2025","ELMAR","6.5",""
"06-02-2025","ELMAR","6.5","(rest)"
"06-03-2025","ELMAR","8.0","(rest)"
"06-05-2025","ELMAR","8.0",""
"06-08-2025","ELMAR","4.0",""
"06-10-2025","ELMAR","6.5","(rest)"
"06-11-2025","ELMAR","3.5",""
"07-04-2025","ELMAR","1.0",""
"07-05-2025","ELMAR","8.0",""
"07-07-2025","ELMAR","7.0",""
"07-08-2025","ELMAR","4.0",""
"07-10-2025","ELMAR","8.0","(rest)"
"08-01-2025","ELMAR","3.5",""
"08-04-2025","ELMAR","6.0",""
"08-05-2025","ELMAR","4.5",""
"08-07-2025","ELMAR","4.5",""
"08-09-2025","ELMAR","3.0",""
"08-10-2025","ELMAR","2.75",""
"08-12-2025","ELMAR","7.0",""
"09-06-2025","ELMAR","8.0",""
"09-07-2025","ELMAR","7.5",""
"09-09-2025","ELMAR","8.0","geholpen met mappen directie herstellen na hack"
"09-10-2025","ELMAR","8.0","(rest)"
"10-02-2025","ELMAR","6.0","(rest)"
"10-03-2025","ELMAR","8.0","(rest)"
"10-04-2025","ELMAR","1.0",""
"10-06-2025","ELMAR","6.5",""
"10-07-2025","ELMAR","8.0",""
"10-09-2025","ELMAR","8.0","Script geschrven voor het toevoegen van gebruikers aan de active directory"
"10-11-2025","ELMAR","7.0",""
"11-02-2025","ELMAR","6.0","(rest)"
"11-03-2025","ELMAR","5.0","(rest)"
"11-06-2025","ELMAR","7.5",""
"11-08-2025","ELMAR","3.0",""
"11-09-2025","ELMAR","6.0","Syntess herstelt op pc's"
"11-11-2025","ELMAR","6.0",""
"11-12-2025","ELMAR","6.75","Wifi punt werkt niet Kissami, Jan Nathan onderdelen pc uitzoeken"
"12-02-2025","ELMAR","8.0","(rest)"
"12-03-2025","ELMAR","8.0","(rest)"
"12-05-2025","ELMAR","5.0",""
"12-06-2025","ELMAR","8.0",""
"12-08-2025","ELMAR","3.0",""
"12-11-2025","ELMAR","6.5",""
"13-02-2025","ELMAR","6.5","(rest)"
"13-03-2025","ELMAR","8.0","(rest)"
"13-05-2025","ELMAR","1.0",""
"13-08-2025","ELMAR","3.5",""
"13-10-2025","ELMAR","7.0","Samyae geholpen domein 0.5 / Sam en raymond internetkabel probleem opgelost 0.5"
"13-11-2025","ELMAR","7.5",""
"14-01-2025","ELMAR","5.0",""
"14-05-2025","ELMAR","1.0",""
"14-07-2025","ELMAR","9.75",""
"14-08-2025","ELMAR","2.0",""
"14-10-2025","ELMAR","8.0","(rest)"
"15-01-2025","ELMAR","5.0",""
"15-04-2025","ELMAR","6.0",""
"15-05-2025","ELMAR","6.0",""
"15-07-2025","ELMAR","8.0","Server down geholpen met damage control"
"15-09-2025","ELMAR","2.0",""
"15-10-2025","ELMAR","7.0","(rest)"
"15-12-2025","ELMAR","4.25","Samyae DNS ng-vastgoedontwikkeling.nl"
"16-01-2025","ELMAR","7.0",""
"16-04-2025","ELMAR","7.0",""
"16-06-2025","ELMAR","5.5",""
"16-07-2025","ELMAR","6.5",""
"16-10-2025","ELMAR","4.0","(rest)"
"16-12-2025","ELMAR","7.25","email templates WeFact Anissa, oude data laptop vrouw overzetten nieuwe laptop"
"17-02-2025","ELMAR","6.0","(rest)"
"17-03-2025","ELMAR","8.0","(rest)"
"17-04-2025","ELMAR","8.0",""
"17-06-2025","ELMAR","6.0",""
"17-07-2025","ELMAR","5.5",""
"17-09-2025","ELMAR","6.0","PC klaargemaakt Samed / Sypko problemen H: schijf/ Safa problemen Syntess International"
"17-11-2025","ELMAR","3.0",""
"18-02-2025","ELMAR","3.5","(rest)"
"18-03-2025","ELMAR","5.0","(rest)"
"18-06-2025","ELMAR","7.0",""
"18-08-2025","ELMAR","3.5",""
"18-09-2025","ELMAR","5.0",""
"18-11-2025","ELMAR","2.25",""
"18-12-2025","ELMAR","3.75","Internet werkt niet pc Aboubakr, Samed printer wou niet printen, dockingstation deed het niet Ali, internet laptop Jan Nathan, internet pc Rachid, H-schijf niet meer te vinden Jan Nathan"
"19-02-2025","ELMAR","6.0","(rest)"
"19-03-2025","ELMAR","7.0","(rest)"
"19-06-2025","ELMAR","2.0",""
"19-08-2025","ELMAR","4.0",""
"19-11-2025","ELMAR","3.25",""
"20-01-2025","ELMAR","8.0",""
"20-02-2025","ELMAR","5.0","(rest)"
"20-03-2025","ELMAR","8.0","(rest)"
"20-05-2025","ELMAR","8.0",""
"20-08-2025","ELMAR","4.0",""
"20-10-2025","ELMAR","7.5","(rest)"
"20-11-2025","ELMAR","6.75",""
"21-01-2025","ELMAR","7.0",""
"21-05-2025","ELMAR","7.0","(rest)"
"21-07-2025","ELMAR","5.0",""
"21-08-2025","ELMAR","4.5",""
"21-10-2025","ELMAR","7.0","(rest)"
"22-01-2025","ELMAR","8.0",""
"22-04-2025","ELMAR","5.0",""
"22-05-2025","ELMAR","7.0","(rest)"
"22-07-2025","ELMAR","8.0",""
"22-09-2025","ELMAR","7.0","Telefoon vervangen Sven"
"22-10-2025","ELMAR","6.5","Digibord beneden en boven geupgrade naar windows 11"
"22-12-2025","ELMAR","1.0","Only Sons winkels nakijken en checken op juiste adres/telefoonnummers"
"23-01-2025","ELMAR","8.0",""
"23-04-2025","ELMAR","3.0",""
"23-05-2025","ELMAR","8.0",""
"23-06-2025","ELMAR","6.0",""
"23-07-2025","ELMAR","7.0",""
"23-09-2025","ELMAR","7.25","Anissa geholpen met synchronisatie"
"23-10-2025","ELMAR","7.75","(rest)"
"24-02-2025","ELMAR","8.0","(rest)"
"24-03-2025","ELMAR","3.5",""
"24-04-2025","ELMAR","6.0",""
"24-06-2025","ELMAR","5.0",""
"24-07-2025","ELMAR","8.0",""
"24-09-2025","ELMAR","7.5","Ibrahim problemen met syntess voorbeeld tonen / Cees problemen met syntess map stond nog op oude H: schijf"
"24-11-2025","ELMAR","7.25",""
"25-02-2025","ELMAR","6.0","(rest)"
"25-03-2025","ELMAR","5.5",""
"25-06-2025","ELMAR","8.0",""
"25-08-2025","ELMAR","4.0","Rob problemen met WIFI"
"25-09-2025","ELMAR","5.0","Ibrahim nieuwe pc ingesteld / Samet problemen met syntess teveel licenties in gebruik /"
"25-11-2025","ELMAR","3.0",""
"26-02-2025","ELMAR","7.0","(rest)"
"26-03-2025","ELMAR","5.5",""
"26-05-2025","ELMAR","7.75",""
"26-06-2025","ELMAR","7.5",""
"26-09-2025","ELMAR","8.0","Frans problemen met stabicad database ontoegankelijk / Oualid autocad gedownload / ITFin: 0,5 Surafal spullen gegeven voor apeldoorn"
"26-11-2025","ELMAR","3.5",""
"27-02-2025","ELMAR","8.0","(rest)"
"27-03-2025","ELMAR","8.0",""
"27-05-2025","ELMAR","6.0",""
"27-10-2025","ELMAR","8.0","(rest)"
"27-11-2025","ELMAR","2.0",""
"28-01-2025","ELMAR","2.0",""
"28-04-2025","ELMAR","8.0",""
"28-05-2025","ELMAR","7.0",""
"28-10-2025","ELMAR","8.0","(rest)"
"29-01-2025","ELMAR","8.0",""
"29-04-2025","ELMAR","8.0",""
"29-05-2025","ELMAR","8.0",""
"29-07-2025","ELMAR","7.0",""
"29-09-2025","ELMAR","6.0",""
"29-10-2025","ELMAR","8.0","(rest)"
"30-01-2025","ELMAR","3.0",""
"30-04-2025","ELMAR","6.0",""
"30-06-2025","ELMAR","6.5",""
"30-07-2025","ELMAR","6.0",""
"30-09-2025","ELMAR","8.0",""
"30-10-2025","ELMAR","8.0","(rest)"
"31-03-2025","ELMAR","3.0",""
"31-07-2025","ELMAR","8.0",""
"03-12-2025","HZB","0.25","printer scannen werkt niet na update"
"04-11-2025","HZB","2.0","Abdelmalik geholpen met pc BIOS fout"
"08-05-2025","HZB","3.5","(1 Slot buitendeur stad vervangen, 1,5 langs Het zorgbureau problemen met bestanden en adobe pdf reader opgelost)"
"10-06-2025","HZB","1.5","Het Zorg Bureau Laptop ming ingestlenden  gebracht en Khalid geholpen met adobe problemen."
"11-02-2025","HZB","2.0","Het Zorgbureau Dockingstation ingesteld"
"11-11-2025","HZB","0.75","Outlook agenda verholpen"
"12-05-2025","HZB","3.0","(Langs het zorgbureau problemen met camera laptop)"
"17-06-2025","HZB","1.0","Het Zorg Bureau Gegevens Ernst overgezet naar nieuwe laptop en daarnaast schermen van Ernst vervangen / 6 Zorginstelling centrum Amersfoort kast gehaald bij ikea deze in elkaar gezet, oude kapotte kast meegenomen en weggegooid"
"18-03-2025","HZB","3.0","Het zorgbureau (pc moet vervangen worden en telefoon uitbel naam veranderd), Langs Naarden pc's opgehaald"
"19-02-2025","HZB","1.0","Scherm werkte niet"
"20-02-2025","HZB","1.5","Schermen ingesteld"
"24-06-2025","HZB","3.0","Het zorgbureau Telefoon problemen abdelmalik en adobe licentie/batterij laptop Ernst"
"25-11-2025","HZB","1.5","Julia nieuwe medewerker werkplek klaargemaakt"
"27-05-2025","HZB","2.0","hetzorgbureau mendy nieuwe medewerker laptop ingesteld  / 0,25 mailbox inbox niet uitgevouwen 06 26 29 16 31"
"28-05-2025","HZB","1.0","hetzorgbureau Ernst geholpen met teams"
"07-04-2025","HOENDERLOO","4.0","Kasten in elkaar gezet"
"10-04-2025","HOENDERLOO","7.0","Ikea: kasten en bed ophalen + in elkaar gezet"
"01-05-2025","ITFIN","4.0","(Spullen kantoor opgeruimd en naar allsafe gebracht)"
"01-07-2025","ITFIN","0.5","Langs mediamarkt SSD ophalen"
"01-10-2025","ITFIN","0.25","Danya geen toegang tot de werken mailbox"
"02-12-2025","ITFIN","1.0","AHKLAP klaargemaakt"
"03-04-2025","ITFIN","2.0","Internet en pc ingesteld Baarn"
"03-12-2025","ITFIN","2.5","6 laptops opgehaald Wormerveer"
"04-03-2025","ITFIN","1.0","Porterhouse naarden geweest daar laptops opgehaald"
"04-06-2025","RAJATHUISZORG","1.0","RajatThuiszorg teams synchronisatie werkte niet en miste nog wat toegang tot mappen / 1 HP printer gehaald mediamarkt"
"04-08-2025","ELMAR","1.0","Ibrahim problemen met Syntess en Outlook / 0,5 Geld gepint en afgegeven aan Surafal"
"05-08-2025","ZVOS","0.5","Laptop Fellowzorg klaargemaakt"
"06-08-2025","ZONNESCHIJNZORG","6.0","Zorginstelling Zoetermeer wifi, pc, Deurbel camera"
"07-07-2025","BVZ","1.0","BVZ problemen met USB-c hub"
"08-04-2025","ITFIN","2.0","Pakketen weggebracht en bestelling opgehaald"
"08-07-2025","ITFIN","1.0","Dominika Rz. Geholpen met onedrive problemen en het opslaan van bestanden / 0,5 Ramazan Adobe installeren"
"08-09-2025","RAJATHUISZORG","4.5","Rajat thuiszorg Gerrit geholpen met outlook problemen"
"08-10-2025","ITFIN","5.0","Langs naarden laptops ophalen 1 / ARRLAP102501 tot 10 klaargemaakt voor Ali 4"
"09-07-2025","HZB","0.5","HZB Ernst problemen met outlook mail zoeken / 1.25 HZB Anas Printer instellen en ernst helpen met mail probleem zoeken"
"11-08-2025","ITFIN","1.0","Contact opgenomen met Dect direct vragen rondom camera systeem / 0,5 office licentie rabia en ibrahim geactiveerd"
"11-09-2025","MOSKEE_TAWHEED","2.0","Tricaster ingesteld voor Tawheed gekeken naar mogelijkheid tot upgrade en facebook livestream ingesteld"
"12-10-2025","JMZ","1.0","langs kantoor voor website afspraak verplaatst"
"13-02-2025","MOSKEE_TAWHEED","1.5","Moskee Tawhid Kabels getrokken"
"13-05-2025","MOSKEE_ELFATH","3.5","Moskee computers installeren lokalen"
"13-07-2025","ITFIN","2.5","Server kasten ophalen Beverwijk marktplaats"
"13-08-2025","ELMAR","0.5","Sypko kon niet meer in syntess international ww gereset"
"13-10-2025","ITFIN","0.5","langs bunschoten spakenburg voor tv en onderdelen Utrecht / Langs utrecht tv scherm digibord opgezet computer ingesteld en klaargemaakt voor gebruik 3.25"
"14-05-2025","MOSKEE_ELFATH","2.5","Moskee computers installeren"
"14-07-2025","BVZ","0.75","BVZ nieuw toetsenbord brengen voor Samia  "
"14-07-2025","ITFIN","0.75","2.5 Hard disks halen in Delfgauw marktplaats"
"15-05-2025","MOSKEE_ELFATH","2.0","Moskee computers ingesteld"
"15-10-2025","ITFIN","1.0","Ramazan geholpen met adobe problemen"
"16-06-2025","ZONNESCHIJNZORG","2.5","Zorginstelling Zoetermeer wifi problemen opgelost / 1,5 Inkoop applewatch en band"
"16-10-2025","ITFIN","2.0","Langs Amac airpods opgehaald 1 / Laptop BVZLAP102502 Tarik klaargemaakt 1"
"17-09-2025","ITFIN","1.5","Hamid problemen met scannen naar printer"
"17-11-2025","ITFIN","0.5","Producten bekeken"
"17-11-2025","ITFIN","0.5","Laptop opgehaald"
"17-11-2025","ITFIN","3.5","Banden wissel en APK"
"18-06-2025","ITFIN","1.0","Laptop ingesteld DTM  "
"18-06-2025","ITFIN","1.0","Karaan geholpen met printer probleem"
"18-06-2025","ALTUM","1.0","1 Altum Teams kanalen leden nagkeken en hier een lijst van opgesteld in excel"
"18-12-2025","ITFIN","1.0","banden Audi laten vervangen"
"19-06-2025","BVZ","6.0","Bureau verbindende Zorg Laptop gebracht, 4 pc's geupgraded naar windows 11, Samia geholpen met adobe voor diploma verificatie, office ingesteld Hamza"
"20-02-2025","ITFIN","1.5","Laptop gebracht HenC computers + langs Mediamarkt"
"21-05-2025","RAJATHUISZORG","1.0","Rajat thuiszorg geholpen met teams indeling"
"21-07-2025","ITFIN","3.0","laptops ingesteld voor suleyman, blauwadvies en  aziz"
"21-10-2025","ITFIN","1.75","LAngs applestore Amsterdam"
"21-11-2025","ITFIN","1.0","Laptops en pc's opgehaald"
"22-05-2025","ITFIN","1.0","geholpen met teams sharepoint aan te maken en deze te koppelen"
"22-09-2025","ITFIN","1.0","Laptop batterij en batterij vervangen SN: CND3320SL8 "
"22-09-2025","MOSKEE_TAWHEED","1.0","1 Receiver en Sender ingesteld voor Tawheed"
"22-12-2025","ITFIN","1.0","administratie vodafone in kaart brengen middels overzicht Excel / 3 Clockwise problemen oplossen Api-calls voor uren registreren"
"23-07-2025","ITFIN","1.0","Naarden laptop ophalen / "
"23-07-2025","ELMAR","1.25","0,25 Naam Laptop Raymond opgeschreven en doorgegeven / 1 SSD vervangen Rayomd oude laptop naar nieuwe"
"23-08-2025","ZORGKOMPAS","0.75","Het zorgkompas Logo weggehaald op website / 0.25 zorgkompas logo's verwijderd website"
"23-09-2025","ITFIN","0.25","Batterij vervangen Dell laptop /"
"25-09-2025","ITFIN","1.0","Uren van afgelopen jaar genoteerd en in een excel document gezet"
"25-11-2025","ITFIN","0.5","Spullen opgehaald"
"26-05-2025","ITFIN","0.25",""
"30-04-2025","ITFIN","2.5","( 1 macbook ingesteld, 1,5 spullen opgeruimd oud kantoor)"
"30-04-2025","HZB","0.5","0,5 Anas gesproken over nieuwe planner account voor office,"
"30-06-2025","VOLOPZORG","1.5","/ 2 Computers Kabels en andere accesoires opgeruimd en meegenomen Volop Zorg"
"30-06-2025","BVZ","1.5","Printer inkt bijvullen en printer toevoegen pc's Bureau verbindende zorg "
"30-07-2025","ITFIN","1.0","Laptop opgehaald Naarden / "
"30-07-2025","TRC","1.0","1 Telefoon ingesteld Abdi"
"30-09-2025","ITFIN","1.0","naarden laptops ophalen / 2,5 iphone 17 ophalen in deventer marktplaats / 0,5 laptop ophalen HZB volgende dag brengen"
"27-11-2025","JMZ","0.5","Laptop opgehaald defecte batterij"
"19-03-2025","MAANLANDER","1.0","PC's geleverd"
"01-12-2025","MAZAZORG","1.25","Oufa problemen met Teams, 2x gebeld niet opgenomen, laptop klaargemaakt Zayd"
"01-04-2025","NLE_AUTOMOTIVE","2.0","NLE automotive"
"24-04-2025","NIJKERK","1.0","Telefonisch geholpen klant met gehackte email"
"03-12-2025","RAJATHUISZORG","3.0","Claudia nieuwe laptop en user account (ww vergeten), Dropbox werkte niet, internet pc werkte niet"
"03-11-2025","TRC","1.0","Mohammed drivers geupdate"
"10-11-2025","TRC","1.0","El Ghazi geholpen met gedeelde mailboxen"
"17-07-2025","TRC","1.0","twee Pc's instellen 1 voor Faicel en 1 TRCLAP072501"
"17-08-2025","TRC","1.5","Laptops in naarden opgehaald TRC"
"18-08-2025","TRC","0.5","zivver plugin installeren / 1,5 2 pc's office ingesteld en domein TheRyckCoopers"
"19-11-2025","TRC","1.0","Laptop klaargemaakt"
"19-11-2025","TRC","2.5","Mailinglijst gemaakt middels PowerAutomate"
"20-08-2025","TRC","1.0","Laptops afgheleverd TheRyckCoopers"
"23-04-2025","TRC","1.0","Voor telefoon"
"24-04-2025","TRC","2.0","Voor telefoon en backup pc"
"26-03-2025","TRC","2.5","TheRyckCoopers"
"26-11-2025","TRC","2.0","3 PC's gekoppeld en klaargemaakt voor Office"
"27-11-2025","TRC","2.0","Te laat afspraak huisarts"
"26-11-2025","VALWKS","1.0","PC aangesloten, data overgezet"
"02-10-2025","ZVOS","3.0","Langs apeldoorn Printer problemen oplossen en internet"
"03-03-2025","ZVOS","3.0","Zorgvooronssamen laptop ingesteld op locatie apeldoorn"
"04-12-2025","ZVOS","0.5","printer instellen op pc"
"05-02-2025","ZVOS","3.0","Verhuizing website Zorgvooronssamen.nl"
"06-02-2025","ZVOS","1.5","Camera's verbinden bij Salmo (Touwslager 1A)"
"08-12-2025","ZVOS","0.25","printer koppelen"
"10-02-2025","ZVOS","4.5","Probleem opgelost met Zorgvooronssamen (s'avonds thuis)"
"11-11-2025","ZVOS","0.25","Thijs gesproken shiftbase uren"
"12-08-2025","ZVOS","1.0","ZVOS 2 laptops klaargemaakt"
"12-11-2025","ZVOS","1.0","Printer werkte niet, internet kabel eruit"
"14-08-2025","ZVOS","3.0","Laptops klaargemaakt voor ZVOS en langsgebracht locatie wessel en heideveld"
"15-03-2025","ZVOS","2.0","Sleutel gehaald apeldoorn"
"17-02-2025","ZVOS","2.0","Langs Apeldoorn"
"18-09-2025","ZVOS","1.5","Hamid BVZ geholpen met scannen naar printer / 1 Lijst gemaakt onderdelen apeldoorn TV, beugel, webcam / 0.5 Kapotte laptop gemaakt"
"18-11-2025","ZVOS","3.0","Nieuwe medewerker Isabella geholpen met laptop en telefoon"
"18-11-2025","ZVOS","1.0","Laptop klaargemaakt ZVOSLAP112501"
"19-02-2025","ZVOS","1.0","Sleutel afgeleverd in Apeldoorn"
"19-09-2025","ZVOS","6.0","Langs Apeldoorn geweest tv geinstalleerd"
"21-08-2025","ZVOS","1.5","Laptops instellen anouar en ZVOS voor persoonlijk gebruik / 0,5 Laptop afgegeven aan Anouar"
"25-11-2025","ZVOS","1.0","Camera ge√Ønstalleerd Beekstraat"
"25-11-2025","ZVOS","1.0","Laptop ingesteld ZVOSLAP112502"
"26-10-2025","ZVOS","2.0","Langs apeldoorn Telefoon leveren en whatsapp instellen"
"27-11-2025","ZVOS","3.0","Beekstraat schermen gebracht & mounts"
"28-09-2025","ZVOS","3.0","Langs Apeldoorn geweest tv geinstalleerd heideveld"
"29-01-2025","ZVOS","1.0","Laptop gehaald bij Abdelhouahid"
"29-09-2025","ZVOS","2.0","Langs Apeldoorn internet nagekeken, printer werkend gekregen en hdmi kabels aangesloten op tv"
"07-04-2025","ZONNESCHIJNZORG","3.0","Amsterdam: internetproblemen laptop opgelost (Chaimae)"
"11-03-2025","ZONNESCHIJNZORG","3.0","Langs Hilversum Chaima"
"18-12-2025","ZONNESCHIJNZORG","1.0","printer locatie Zoetermeer deed het niet"
"24-03-2025","ZONNESCHIJNZORG","3.5","Hilversum: oude Loswal camera's"
"24-09-2025","ZONNESCHIJNZORG","0.5","Langs allsafe camera gehaald abdelhouahid en getest / 0.5 zonneschijnzorg geholpen met outlook problemen"
"04-04-2025","ZORGKOMPAS","1.0","SSL vervangen"
"04-11-2025","ZORGKOMPAS","2.0","Internet snelheid nagelopen"
"06-11-2025","ZORGKOMPAS","2.0","Dongle opgehaald, internet verbeterd"
"11-12-2025","ZORGKOMPAS","0.5","Wassima Arjan nieuw ww Office, Ramazan problemen Adobe"
"2025-12-01","ELMAR","6.0","han laptop upgrade"
"2025-12-01","MAZAZORG","1.25","Oufa problemen met Teams, 2x gebeld niet opgenomen, laptop klaargemaakt Zayd"
"2025-12-02","ELMAR","6.0",""
"2025-12-02","BVZ","0.25","Hamid gescande items kwijt"
"2025-12-02","ITFIN","1.0","AHKLAP klaargemaakt"
"2025-12-03","ELMAR","1.5",""
"2025-12-03","RAJATHUISZORG","3.0","Claudia nieuwe laptop en user account (ww vergeten), Dropbox werkte niet, internet pc werkte niet"
"2025-12-03","HZB","0.25","printer scannen werkt niet na update"
"2025-12-03","ITFIN","2.5","6 laptops opgehaald Wormerveer"
"2025-12-04","ELMAR","5.75",""
"2025-12-04","ALTUM","1.0","laptop klaargemaakt Han"
"2025-12-04","ZVOS","0.5","printer instellen op pc"
"2025-12-08","ELMAR","7.0",""
"2025-12-08","ZVOS","0.25","printer koppelen"
"2025-12-11","ELMAR","6.75","Wifi punt werkt niet Kissami, Jan Nathan onderdelen pc uitzoeken"
"2025-12-11","HETZORGKOMPAS","0.5","Wassima Arjan nieuw ww Office, Ramazan problemen Adobe"
"2025-12-15","ELMAR","4.25","Samyae DNS ng-vastgoedontwikkeling.nl"
"2025-12-15","ALTUM","1.0","export Syntess controle"
"2025-12-15","CODENAMEFUTURE","2.0","CNF oude webshop"
"2025-12-16","ELMAR","7.25","email templates WeFact Anissa, oude data laptop vrouw overzetten nieuwe laptop"
"2025-12-18","ELMAR","3.75","Internet werkt niet pc Aboubakr, Samed printer wou niet printen, dockingstation deed het niet Ali, internet laptop Jan Nathan, internet pc Rachid, H-schijf niet meer te vinden Jan Nathan"
"2025-12-18","ZONNESCHIJNZORG","1.0","printer locatie Zoetermeer deed het niet"
"2025-12-18","ITFIN","1.0","banden Audi laten vervangen"
"2025-12-22","ELMAR","1.0","Only Sons winkels nakijken en checken op juiste adres/telefoonnummers"
"2025-12-22","ITFIN","4.0","administratie vodafone in kaart brengen middels overzicht Excel / 3 Clockwise problemen oplossen Api-calls voor uren registreren"
"2025-12-24","ITFIN","3.0","Langs Zoetermeer camera spullen ophalen"
"2025-12-25","ELMAR","5.25","Gewerkt aan pakbon scripts voor Elmar"
"2025-12-29","ELMAR","6.5","geholpen met migratie naar cloud"
"2025-12-29","ZVOS","0.5","Isabella gesproken over printer scannen printer beveiligd met ww door ander bedrijf geleverd"
"2025-12-30","ELMAR","3.0","geholpen met migratie naar cloud"
"2025-12-30","ZVOS","3.0","PC met camera beelden instellen bij ZVOS"
"2025-12-30","ELMAR","1.0","geholpen met migratie naar cloud"
"2026-01-02","ELMAR","5.0","geholpen met migratie naar cloud"
"2026-01-02","HZB","2.0","Laptop klaargemaakt voor nieuwe medewerker Nada"
"2026-01-03","ELMAR","3.5","geholpen met migratie naar cloud"
"2026-01-03","JMZ","2.0","SSL instellen voor nieuwe website domein"
"2026-01-05","ELMAR","4.5","Collega's geholpen met de nieuwe cloud omgeving"
"2026-01-05","HZB","2.0","USB-c dockingstation ingesteld pc met corrupte scijf meegenomen en vervangen"
"2026-01-05","ELMAR","1.0","Collega's geholpen met de nieuwe cloud omgeving"
"2026-01-06","ELMAR","5.25","Collega's geholpen met de nieuwe cloud omgeving"
"2026-01-06","HZB","1.5","Schijf vervangen PC. PC opnieuw ingesteld en werkplek klaargemaakt voor pc"
"2026-01-06","TRC","0.5","kabels en scherm gebracht"
"2026-01-06","JMZ","0.5","Website live zetten"
"2026-01-07","JMZ","2.0","Website live zetten"
"2026-01-07","ALTUM","0.75","Clockwise omgeving besproken geken naar style en functionaliteit"
"2026-01-07","ELMAR","6.25","Macros voor falah uren gefixt / geholpen op kantoor"
"2026-01-08","ELMAR","7.5",""
"2026-01-12","ELMAR","7.0","jaarovergang"
"2026-01-13","ELMAR","7.0",""
"2026-01-14","ELMAR","7.0",""
"2026-01-15","ELMAR","2.5",""
"2026-01-15","BVZ","1.0","Laptop gebracht said ww gereset en printer gekoppeld"
"2026-01-15","BVZ","7.25","Busje opgehaald bij diks, naar ikea spullen opeghaald, spullen gebracht naar tilburg"
"2026-01-19","BVZ","7.5","Langs Tilburg kasten in elkaar gezet en mediamarkt geweest voor wasmachine en droger"
"2026-01-20","BVZ","11.0","locatie tilburg alle kasten in elkaar gezet"
"2026-01-21","BVZ","14.0","Locatie tilburg alle andere spullen in elkaar gezet en bedden naar boven gebracht"
"2026-01-22","BVZ","2.5","Locatie tilburg alle andere spullen in elkaar gezet en bedden naar boven gebracht"
"2026-01-22","BVZ","3.0","langs locatie amersfoort alles opmeten"
"2026-01-22","ELMAR","1.0","Langs vleuten unify switchen opgehaald"
"2026-01-23","BVZ","7.0","langs ikea utrecht spullen opgehaald, langs almere bank opgehaald spullen gebracht bij locatie amersfoort"
"2026-01-26","ELMAR","7.0",""
"2026-01-26","QWICK","2.5","amsterdam geweest testen netwerk systeem"
"2026-01-29","ELMAR","1.5",""
"2026-01-29","ZORGKOMPAS","5.0","tilburg sloten vervangen en opnieuw opmetingen ramen voor gordijnen"
"2026-01-29","ITFIN","1.5","geld gebracht Surafal"
"2026-01-30","HZB","2.5","Laptop klaargemaakt claudia en vanessa"
"2026-01-30","ZORGKOMPAS","0.5","tafel opmeten"
"2026-01-30","ELMAR","5.0",""
"2026-02-01","ZORGKOMPAS","10.5","tilburg gordijnen ophangen en camera fixen"
"2026-02-02","ELMAR","6.0",""
"2026-02-02","ZVOS","1.5","apeldoorn laptop vera klaarmaken en brengen"
"2026-02-03","ELMAR","5.0",""
"2026-02-03","QWICK","2.5","met hassan"
"2026-02-03","ZORGKOMPAS","1.0","Langs gamma rolgordijn en goot netwerkkabel halen tilburg"
"2026-02-04","ELMAR","1.5",""
"2026-02-04","ZORGKOMPAS","8.0","tilburg folie op raam gedaan en netwerkkabel weggewerkt"
"2026-02-04","HZB","0.5","raar programma laptop verwijderd"
"2026-02-05","ZVOS","2.0","Vera geholpen met laptop en telefoon instellen ook handtekening voor outlook ingesteld"
"2026-02-05","ZORGKOMPAS","1.5","sloten gehaald van den heuvel en ikea kast gehaald"
"2026-02-05","TRC","2.5","2 werkplekken klaarmaken en koppelen aan domein"
"2026-02-05","ZORGKOMPAS","6.0","sloten gehaald van den heuvel en ikea kast gehaald"
"2026-02-07","ZORGKOMPAS","2.0","kast gehaald ikea in elkaar gezet centrum 1,5"
"2026-02-09","ELMAR","1.5",""
"2026-02-09","QWICK","4.0","switch aansluiten en kijken naar intercom"
"2026-02-09","ALTUM","2.0","script voor TOIF 6015"
"2026-02-10","ELMAR","3.0",""
"2026-02-10","MAZAZORG","1.0","2 werkplekken klaarmaken"
"2026-02-10","BVZ","0.5","docking station vervangen"
"2026-02-10","ELMAR","1.5",""
"2026-02-10","ZVOS","3.5","tv monteren heideveld en 4 camera's verwijderen"
"2026-02-11","ELMAR","5.25",""
"2026-02-11","QWICK","2.75","helpen met werkzaamheden"
"2026-02-11","ZONNESCHIJNZORG","2.5","Wifi problemen"
